[
    {
        "guildName": "WatchDogZ Ripper",
        "guildID": "1040967206391009290",
        "roles": {
            "roleID1040967206391009290": "1040967206391009290",
            "roleName1040967206391009290": "@everyone",
            "roleID1296453020736819254": "1296453020736819254",
            "roleName1296453020736819254": "ʀᴇʙᴏʀɴ",
            "roleID1040968189057708084": "1040968189057708084",
            "roleName1040968189057708084": "WatchDogZ Member",
            "roleID1097073904054444083": "1097073904054444083",
            "roleName1097073904054444083": "Server Booster",
            "roleID1040967548063203379": "1040967548063203379",
            "roleName1040967548063203379": "WatchDogZ Team",
            "roleID1040967370065322068": "1040967370065322068",
            "roleName1040967370065322068": "WatchDogZ King"
        },
        "createur": {
            "createurUserID": "1039769919694315540",
            "createurUserName": "stuxnet_backdoor",
            "createurUser": "stuxnet_backdoor"
        },
        "admins": [
            {
                "adminUserID": "1211314702647427162",
                "adminUserName": "ʀᴇʙᴏʀɴ",
                "adminUser": "ʀᴇʙᴏʀɴ#8688"
            },
            {
                "adminUserID": "870070954653519912",
                "adminUserName": "gamik8555",
                "adminUser": "gamik8555"
            },
            {
                "adminUserID": "1039769919694315540",
                "adminUserName": "stuxnet_backdoor",
                "adminUser": "stuxnet_backdoor"
            }
        ],
        "users": [
            {
                "userID": "260483919055421441",
                "userName": "tonio_dnd",
                "user": "tonio_dnd"
            },
            {
                "userID": "290673096090714122",
                "userName": "ssky0",
                "user": "ssky0"
            },
            {
                "userID": "449957788752281600",
                "userName": "yohanaxe",
                "user": "yohanaxe"
            },
            {
                "userID": "569974490784595989",
                "userName": "skyppi_fox",
                "user": "skyppi_fox"
            },
            {
                "userID": "597063101115924480",
                "userName": "imhiroki",
                "user": "imhiroki"
            },
            {
                "userID": "735467495418363944",
                "userName": "osselotte",
                "user": "osselotte"
            },
            {
                "userID": "776016158737432626",
                "userName": "qoyri",
                "user": "qoyri"
            },
            {
                "userID": "807665501542285322",
                "userName": "snofa32",
                "user": "snofa32"
            },
            {
                "userID": "832274704794255391",
                "userName": "sf_roi_oreo",
                "user": "sf_roi_oreo"
            },
            {
                "userID": "870070954653519912",
                "userName": "gamik8555",
                "user": "gamik8555"
            },
            {
                "userID": "976033354854060102",
                "userName": "ytdr",
                "user": "ytdr"
            },
            {
                "userID": "1026941420583530527",
                "userName": "tomokawaii",
                "user": "tomokawaii"
            },
            {
                "userID": "1039769919694315540",
                "userName": "stuxnet_backdoor",
                "user": "stuxnet_backdoor"
            }
        ],
        "permanentJoinLinks": [
            "https://discord.gg/YddMcmakvk"
        ],
        "joinLinks": []
    },
    {
        "guildName": "ᴿᴱᴮᴼᴿᴺ ᴛᴏᴏʟ",
        "guildID": "1211082940415741982",
        "roles": {
            "roleID1211082940415741982": "1211082940415741982",
            "roleName1211082940415741982": "@everyone",
            "roleID1211153669454692392": "1211153669454692392",
            "roleName1211153669454692392": "New User",
            "roleID1211153516601548860": "1211153516601548860",
            "roleName1211153516601548860": "ᴜꜱᴇʀ",
            "roleID1211153227710730320": "1211153227710730320",
            "roleName1211153227710730320": "ᴋɴᴏᴡɴ",
            "roleID1211152266178859128": "1211152266178859128",
            "roleName1211152266178859128": "ᴛʀᴜꜱᴛᴇᴅ",
            "roleID1211152014084538408": "1211152014084538408",
            "roleName1211152014084538408": "ᴄʀᴇᴀᴛᴇᴜʀ",
            "roleID1262425910817067068": "1262425910817067068",
            "roleName1262425910817067068": "Server Booster",
            "roleID1224976305469259816": "1224976305469259816",
            "roleName1224976305469259816": "ʙᴇᴛᴀ ᴛᴇꜱᴛᴇʀ",
            "roleID1230601725581459572": "1230601725581459572",
            "roleName1230601725581459572": "Le Christ Cosse-de-Suspension",
            "roleID1211151908182691930": "1211151908182691930",
            "roleName1211151908182691930": "ᴍᴏᴅᴏ",
            "roleID1211151808660119572": "1211151808660119572",
            "roleName1211151808660119572": "ᴀᴅᴍɪɴ",
            "roleID1292587679510298644": "1292587679510298644",
            "roleName1292587679510298644": "Muted",
            "roleID1296428821779578893": "1296428821779578893",
            "roleName1296428821779578893": "ʀᴇʙᴏʀɴ",
            "roleID1211754903014481951": "1211754903014481951",
            "roleName1211754903014481951": "Princesse Reborn",
            "roleID1211083146892677200": "1211083146892677200",
            "roleName1211083146892677200": "👑ꜰᴏɴᴅᴀ👑"
        },
        "createur": {
            "createurUserID": "1039769919694315540",
            "createurUserName": "stuxnet_backdoor",
            "createurUser": "stuxnet_backdoor"
        },
        "admins": [
            {
                "adminUserID": "1211314702647427162",
                "adminUserName": "ʀᴇʙᴏʀɴ",
                "adminUser": "ʀᴇʙᴏʀɴ#8688"
            },
            {
                "adminUserID": "548917148521725952",
                "adminUserName": "kripi_kripeur",
                "adminUser": "kripi_kripeur"
            },
            {
                "adminUserID": "1039769919694315540",
                "adminUserName": "stuxnet_backdoor",
                "adminUser": "stuxnet_backdoor"
            },
            {
                "adminUserID": "336167536053714945",
                "adminUserName": "n_e_m_e",
                "adminUser": "n_e_m_e"
            }
        ],
        "users": [
            {
                "userID": "1039769919694315540",
                "userName": "stuxnet_backdoor",
                "user": "stuxnet_backdoor"
            },
            {
                "userID": "548917148521725952",
                "userName": "kripi_kripeur",
                "user": "kripi_kripeur"
            },
            {
                "userID": "336167536053714945",
                "userName": "n_e_m_e",
                "user": "n_e_m_e"
            },
            {
                "userID": "692067472177758278",
                "userName": "xrenardx",
                "user": "xrenardx"
            },
            {
                "userID": "290673096090714122",
                "userName": "ssky0",
                "user": "ssky0"
            },
            {
                "userID": "371007832956338180",
                "userName": "ashe2002",
                "user": "ashe2002"
            },
            {
                "userID": "665606084077027401",
                "userName": "02ontopp",
                "user": "02ontopp"
            },
            {
                "userID": "677942454812409876",
                "userName": "creve_gobelin",
                "user": "creve_gobelin"
            },
            {
                "userID": "837913925671977002",
                "userName": "hoopa4",
                "user": "hoopa4"
            },
            {
                "userID": "1018957013029486723",
                "userName": "_aidon_",
                "user": "_aidon_"
            },
            {
                "userID": "1225203117369327709",
                "userName": "ss14xdd",
                "user": "ss14xdd"
            },
            {
                "userID": "464019600539910157",
                "userName": "jarod_fr.xex",
                "user": "jarod_fr.xex"
            },
            {
                "userID": "615318730934714388",
                "userName": "wi.z",
                "user": "wi.z"
            },
            {
                "userID": "1252676776149258251",
                "userName": "s.i.i.n",
                "user": "s.i.i.n"
            },
            {
                "userID": "285573971141722113",
                "userName": "petitbeurre2052",
                "user": "petitbeurre2052"
            },
            {
                "userID": "573406178311143434",
                "userName": "koro14",
                "user": "koro14"
            },
            {
                "userID": "242805279387811840",
                "userName": "fennie",
                "user": "fennie"
            },
            {
                "userID": "1102280645419483266",
                "userName": "blxpsi.",
                "user": "blxpsi."
            },
            {
                "userID": "291595801270943766",
                "userName": "darknette178",
                "user": "darknette178"
            },
            {
                "userID": "758350433017266176",
                "userName": "ghostrider8691",
                "user": "ghostrider8691"
            },
            {
                "userID": "692534281452519425",
                "userName": "reawall_zeuria",
                "user": "reawall_zeuria"
            },
            {
                "userID": "505802385998741519",
                "userName": "mizukuo",
                "user": "mizukuo"
            },
            {
                "userID": "349778104316723202",
                "userName": "kohane5285",
                "user": "kohane5285"
            },
            {
                "userID": "846314264565907476",
                "userName": "saykoontop",
                "user": "saykoontop"
            },
            {
                "userID": "324213772019302401",
                "userName": "jeremia7065",
                "user": "jeremia7065"
            },
            {
                "userID": "687790807046029401",
                "userName": "emotionaltwink",
                "user": "emotionaltwink"
            },
            {
                "userID": "1158023425223299163",
                "userName": "xiaxue_65870",
                "user": "xiaxue_65870"
            },
            {
                "userID": "1267496547084664867",
                "userName": "sinisteriscrom1",
                "user": "sinisteriscrom1"
            },
            {
                "userID": "670974366460411926",
                "userName": "kennyvrc76",
                "user": "kennyvrc76"
            },
            {
                "userID": "1080302035242602526",
                "userName": "iredkouille",
                "user": "iredkouille"
            },
            {
                "userID": "1263713099140304898",
                "userName": "05lejojker",
                "user": "05lejojker"
            },
            {
                "userID": "856395504749117451",
                "userName": "biscuitthehob",
                "user": "biscuitthehob"
            },
            {
                "userID": "680081006774321278",
                "userName": "__limule__",
                "user": "__limule__"
            }
        ],
        "permanentJoinLinks": [
            "https://discord.gg/ZSQfyvWpFX",
            "https://discord.gg/tb7EhxhdNC",
            "https://discord.gg/vVTAFy9e2X"
        ],
        "joinLinks": []
    }
]